x,y
2.472985831489979,1.3185741205605548
2.242439496690478,0.2992643659616685
2.7531428339492003,0.46527865979195604
2.0051270781322725,1.8797723298438087
1.1930181214270488,4.871819394988917
1.402177080593656,2.4724569935357574
3.0959561180085613,0.7848311989077854
3.3423563714379814,1.8778502123316771
3.012515476977173,1.0861308532941316
0.970469792625501,3.209796449631687
2.501872303779033,2.1388461771562337
2.6407611133416715,2.5273326651106616
0.8456397647833118,-0.21333347939682312
0.3182434896048725,0.21190574893784175
-0.21853494503140114,1.352569219834402
1.4715956791856382,1.9607908251712536
2.214975948415751,1.6156411974464964
1.746095921908114,2.073252074603942
1.0027961625753234,1.2861437123932866
2.0354163461404817,1.3220546348772966
1.4281189384134898,1.894137684667665
3.3358313386717686,2.3186652880161356
1.6624047499499635,1.4147317219925928
1.8850800592102452,4.241817794395233
-1.1474165215439802,2.5351358932801165
2.2324904393837626,2.8676119508822833
0.8517872857537279,4.114344241455511
3.0009427606895045,1.9485850047138833
2.1597876980733592,1.2837364136750398
2.05052282652537,1.856662585451045
2.943575390520808,2.3576442254693006
1.9165507971755527,2.6778061029188196
2.5560603739342063,2.2227194608524927
0.47101452051295833,3.029211175548784
0.8337412405454305,0.9904383476905958
1.8947320113023427,2.5120221581337168
3.4077277637205423,0.31230366895293327
3.471233992634668,3.6364629074432413
1.5386050637810862,1.7986377298435008
1.4281832697176262,1.39670088525801
0.6606107789027471,0.3103470796461638
1.8006726607258663,2.2577725854650583
3.8288207150748823,0.9989984549857616
-0.09169121334601416,2.146559705912633
1.533648898126377,2.356223007307108
1.6021202669247496,0.7407764843907643
1.3111213075546322,2.8026304502474164
2.272391040648554,1.0308235013477585
2.8719681219808852,0.5536405572035885
1.4635187360874702,2.197920516314232
0.634360186074626,0.8055556171614544
2.0159345426495796,1.9199565376334764
1.749197286844054,1.434857106011393
0.897328060387105,1.2177175591978118
5.041686206372148,1.3739187789542286
3.50590091286194,1.412663912974951
3.365852914050061,3.2320448738375287
2.450889233478851,1.3585901822793867
0.6224039666692063,2.965746347925588
0.7159965401950639,0.7254278995760277
3.522841762204412,3.461882431246045
2.037655963199661,1.7538028006635726
1.3357024263103061,2.3513355379275005
1.5159685677406027,0.4869127401053357
1.2364695127461323,2.2492032095507355
0.41019139244305736,1.0204740776687047
2.122761628756505,3.6892920937802725
2.1777498652185114,2.0320060205438293
3.933215564363236,0.9379052885685992
1.2673709010912864,2.8427413931462944
3.0767399874809485,2.457690538026313
-0.6194933225106896,2.7390463423383107
2.667501057762868,2.0464026360852023
2.6660775965015713,3.4079484837738274
2.051149186337924,1.0640251391301168
0.16089069239435405,2.0637787284814375
1.2860319025529101,1.4381153368727815
0.8675311493984397,2.274291003005381
2.735912110752797,2.434318749100664
0.8799588954459614,2.8890946101264365
2.3145069453317793,-0.48800446404863873
2.5959086104984075,-0.03586203629020801
0.861718347285251,3.057642286396626
2.652768540337454,1.3555331485408444
1.1165379090394723,2.345692373240222
0.20317254006153873,2.410709619130312
1.7081765511533402,2.7341476486109584
1.8745043349063295,0.9114825850456421
2.2022309246481075,1.6501655991160484
0.5787231014959762,0.8364116639787875
0.99332371251253,2.050021759824627
2.765430135267293,1.9714851224586614
0.7943543999120963,1.618455157855342
2.566843638061862,3.0773367455423326
1.0596412765307326,2.283607121813661
1.6096795194148334,-0.15412444069351094
0.7053162514850644,1.433779305405766
1.4822907901388698,1.604121692366721
1.396304754976543,2.3673928911221678
1.040988185569388,0.40470327751346646
2.507522680371208,1.381629479881191
2.790792987833024,1.1655949663312857
3.309469955147632,0.7612579190951736
0.7972625115116894,2.696146600451251
3.778984412172512,1.203682718757296
3.5698392129633065,3.5216635119562594
2.789915596204205,1.7827791051595834
-0.18405984929119557,0.43273159183959287
1.190329739034706,2.5004951071186743
1.8064901467404215,1.335796800006798
2.083526845567495,0.34157471611863643
2.3801135857959217,1.043326968092614
3.2698589903210236,2.150519375088053
1.2348686397435127,1.4629796447475805
0.3887050997736705,2.164988847124828
0.9892237812349487,1.884600630619763
3.1400386807849516,2.338002444411237
2.4755144618197957,4.639046080664254
2.6911075733496954,3.1112355669950693
1.7423156821619135,0.8040487144772352
2.2245470278136827,0.8365330970339622
-1.015915426701576,2.5939694333597427
2.3313930189767875,0.9271852371286369
3.2894485800953452,1.914478616963943
1.5233762077868,1.0362854687039689
3.153983054878971,1.5551339472380266
1.490355978149739,1.5250067552275182
1.2085719359985627,0.3068814005949303
1.2588370756417984,1.1123485289007156
2.694384624385508,0.6822169560455937
2.682555353585016,1.477017379750881
1.1815819146079534,1.8227003543778069
2.0325020832150926,2.101271517743997
2.5759612665265124,2.2103769503096187
0.44368562985216253,1.3066847473063055
3.624609079868267,1.8793344626718937
-0.34858173632392564,2.167257266657552
3.6999647012314982,3.168898811831805
2.0553378998705423,2.2178807792466495
2.645574756027175,1.841738919926377
1.5111789927280135,3.632122277658376
1.598774512818709,3.0093599213983193
0.42248164946606437,1.2116767020016592
0.8435525124774066,2.4105452859393415
1.3667877202320398,1.349141596661101
1.0749411817214143,2.1431635456268605
2.9755120887212345,1.4002448889365169
2.607099061863882,1.9813968392625847
1.3784403980827193,2.346610400691576
3.3374913681560576,-0.6049964115260229
2.695247694194697,3.7658713996710764
1.8266832419184236,2.7634357092487587
2.976937062836261,2.5176062611294485
2.249170955375637,3.3044528655430536
3.1165435717804444,2.186155665190963
2.6629840071829536,1.0950912686697782
1.8410613051768174,2.1318652875374613
1.9561482080467538,1.3336444055475605
3.2652981428852716,2.350626756889158
2.7376714841377883,0.6998485520918418
1.488636394438357,1.3071605758336584
1.816483413469725,3.6823772961136187
4.533323712777457,2.200961552987301
2.3764789538867905,1.806662460645022
1.4636268914590693,2.89036522915509
1.5942293839094017,0.9625609883237503
2.6390480526856055,1.8434841156187205
2.331392811857336,2.3210665914601427
2.980989187780832,2.6368153241843175
2.9332622871580765,1.917316726312447
1.9225036650573877,2.410430790357014
2.2752774047550024,2.525207246938858
2.398708101289239,4.1934507085803965
1.84071713915994,2.5147088072060018
2.168298101946653,3.3705298784765025
1.2711992712311653,0.7960958830935325
3.2292950864942256,2.7795501213121447
2.215736358957446,1.268163382099691
3.2908186921772953,2.4552512030925286
1.4286721101926974,1.5345994149970448
1.3674291861001577,3.4136241365356037
1.8327267747780305,0.9838685468292732
1.4203411408488003,3.1212769248580434
2.619557647976105,1.297610699270101
0.8391119745959839,1.4206713288552613
2.2798407354864128,1.5903982149402607
1.4302833077921444,2.0209025982426865
1.4238562639707464,0.8962796344197494
0.5900130724505182,1.0600355279253781
1.2777478526122803,2.2515247177062343
2.0785160583659494,1.1627548597146342
3.09479500879739,0.7858038317239122
2.9599648893189974,0.8321996315959772
1.6659101058687158,2.8274242236885914
2.8650170058117177,1.1445950563254974
2.071816842498593,0.8740451642591942
1.79369063510415,2.4215803724102547
1.4477102503631953,3.481051975506123
2.4959259132134544,2.6826733285329927
1.4346232500348184,1.8681945307493537
2.3008738767140375,2.867759605462107
2.7081624702741633,1.59491707473346
1.1608305764302569,0.8156145948559601
4.139543559489226,3.135556943554454
3.454700477757112,1.852771111704405
4.02744921205937,2.514276962661399
2.23796905802856,1.4743494797014396
0.5882483654715036,2.6829154268409363
2.074719306767133,1.9963685322637599
0.6510848512176572,-0.0021893173801101895
0.8901485919572403,2.8867520000881064
3.9039377977106016,1.347621877415532
1.670585073895756,0.4299555849666623
0.988165406248108,2.3197647756113424
1.2267770103618443,2.1020266484420085
3.2325096651484575,1.8123921850159523
0.8400103065666882,3.663711254910477
2.606942781355297,2.205104461459319
2.3158850798756485,1.782631844787622
2.691473711122576,0.6095435300351344
1.9790762965800588,0.8161414426701907
1.9293447353725457,2.642056517913745
1.8282671219950979,3.756381218456082
1.969467855114593,1.3093020785337868
2.3231248506112716,2.241966930208102
2.3390103674415657,2.0557612196715467
1.9093558022940826,2.9466066558310935
0.37900969762548686,2.757248633922426
1.430953404790459,1.8988214805728527
1.1182952354449749,3.270476480990009
-0.05791852104941997,0.7722709433928503
1.5790573596113247,2.6860601626752016
0.6805678671834601,2.5232866792935336
3.087752824078005,1.101682356855984
-0.5585713395526599,2.7535088449474454
1.8299709974342042,1.9076110446842165
3.0749542401848347,2.75835321249533
1.4319961307590359,2.151202360388285
1.1173554794586327,2.446981237943185
1.9279452113908506,2.5092503000670647
1.3575300895978477,2.22030764544491
2.3324636990833456,2.5681514354408774
2.0829621651538077,-0.028781498436987185
2.5073146286690378,0.8133367453023062
3.0212760404621086,1.980896598748081
1.9973848019291909,1.3500497028878682
3.754051581421699,1.2223780290545894
3.3896800769500657,3.6419224910840255
5.166556832560496,3.3839555465205837
1.9226837138805124,1.0881736657909884
1.2853797103537317,0.538972420443266
3.4048477127624706,2.378504290284483
0.9364788923366214,2.7993583923328234
2.145342218179349,3.084198277311316
2.4154242121864917,0.9644510953114047
2.222628843079661,2.972835363171452
2.1697467046409464,2.164959648401274
0.817399334659451,1.4195407607082677
2.117938421399629,2.86238232363247
1.4768054491379643,1.6858158919241704
4.1998306201678215,1.090593277687813
1.8191971612174629,1.085593768282033
2.0451366684106667,2.8632606469853714
2.871905047683232,2.4524988298850214
3.307486503049965,2.0328981293905635
2.697435703182207,1.0354165685287953
3.061719565416137,1.4127917048168244
3.3242376168110352,0.9870061840494588
2.3450655442904527,2.329055523420295
2.3261867109413865,1.8779260342323416
3.596061310857878,2.4286227128105975
0.8745141084869945,1.5075635394471625
3.2680964223698616,1.125976153725199
3.8592805092822315,1.6550252770262732
0.18715404369078703,2.916503434340566
1.1113599855704364,-1.710679450475411
2.0318830109066393,0.7104411559148014
2.1895590931669604,2.693483313377129
2.801950795964737,1.7702726436750114
0.39583706880825,3.2917926153888244
2.0898580515490934,2.0435118896563695
0.4412620153960556,1.284836283119105
2.131282964863956,1.775177894504153
2.1453286831629454,0.9852577228396204
0.2668805561890495,2.310326901218038
1.8285735501992666,3.0740511398289936
3.337039497638722,1.8287748578609258
1.6226368677418797,3.2873986167150293
2.9073175266910636,1.1030489080860653
3.865489218976623,2.2682877194239492
1.8388489383137192,0.6733925950902917
1.6332618450856047,2.5659978620141612
2.371927861043375,3.424790874319682
2.9842642366105028,1.0251823506742368
1.7890444142181487,1.6434758622477106
1.2660554159806519,1.266012952123853
1.054043201442994,1.0376104182523318
1.897954423837504,2.334930658547501
3.2142051761371904,1.137675097282242
1.4463747069088484,-1.1550136916725582
1.8068471534933659,2.1747974760595445
1.4336206577210167,2.0232732314004607
1.1621024021965787,1.207097750622173
0.5480149837407815,0.8733856118993022
0.1107702190253006,3.151714878309688
2.807165002690884,2.0452662685411296
1.8456069804723936,3.4899496110800374
2.519589595224245,1.2905066443837239
2.0582868957745526,2.335189019953548
2.2842580643408916,2.312743055341665
0.32324939756399673,1.2133888030144584
-0.006106606102909584,2.3130826834857485
1.5915502084086752,0.719688280814033
4.202103252142473,3.291358961648256
1.5097591004772128,2.8354025641731924
1.3892938402980857,2.9663444429149814
2.81509081251046,1.513884610578507
2.61012480895788,3.832338897446468
3.044397213289419,0.8654819195195591
2.4759174123909644,2.8507434882661538
2.3102090001748095,3.211869643829888
1.4110406688729609,-0.23858097939024647
3.6465420404584306,0.9885889118782869
1.9958079660323347,0.5600193624937291
2.9462934715112774,1.0513992799750569
2.2465915966194028,2.118142347714124
3.5940821149569544,4.039866411621531
2.8987746974219313,3.159057396897154
2.3762369437042654,2.34065099076329
1.244824632096341,2.6516824898850992
0.061670541795949996,2.9523458612526468
2.1842683114826857,2.046921255613137
3.222711735414397,0.19133589214483115
1.0930177497801523,2.6129532762461727
1.7137690412945248,2.6404273817103503
1.8048385383322105,0.8742690541465274
2.4748006795478648,2.2404634003103703
2.580108722891555,2.5598603576656704
4.069450073909207,1.0695947653573876
1.4365953218791363,3.4834094526579182
1.1795385939143208,2.1422641440628016
3.1534029734294355,2.4317386534234626
2.5231829290734145,1.972017220397959
0.21548034234753066,2.7624527223238573
2.894460760645173,2.4670237861314486
1.6072992238210553,2.251415630896032
2.7592959743622805,1.6615596129612635
1.5275196512555602,0.941247732018395
2.486437565215452,0.7864738101625062
1.541035712993591,3.378090038587425
-0.02735357451227749,1.2304140506349304
2.940663792225835,1.7472591318079755
3.2064207460951155,0.8264795991911205
1.0906419980711601,3.1583694805553226
1.0077441866782784,2.051981537363786
1.7450552167599562,3.3896265228065765
0.9015376863023603,2.1025751616984105
2.8967760170090617,3.3163071315742525
2.188610182074577,2.8568406036930534
1.4077039562157214,4.011121421593131
2.565791602403158,2.8938499754081706
3.9206409214332085,2.394189693171761
2.1547453694385568,2.8649209801132356
3.481369913880477,0.7017346725675719
0.3980856424641612,2.739765513885641
1.9063888274830167,2.127974616764367
4.1318361386571585,1.8963017535182278
1.9942003012541336,3.3360130072737366
1.248040090745894,2.231140723839617
1.8667109288293187,2.2367137348752357
2.2959220410472185,0.8531840173129164
1.5764444699687477,1.4216128735298943
0.6697920035066276,2.4303042135221733
1.3476657297394126,0.8230364935704535
0.37387473444379515,1.4869131647626017
0.7922886229146935,2.358804072666183
2.929596535610328,1.483686018005871
1.2323075777833374,1.5286626637190968
2.6628763854862623,1.2382176760738832
2.5370633573423786,1.3311565811969457
-0.4377488596010002,3.6220873900457526
2.8302179036858375,1.7583641918853874
2.134573228058699,2.1688977686396047
3.670022030887493,1.6670127353577504
2.289963396463053,1.7553568345997186
1.409509680361409,2.4878772679234054
2.50533814352451,1.506940210453499
4.441082657318169,-0.8235562877653151
3.5151405943202327,0.8760906177017918
1.259379370846422,2.6801663913486955
2.993658622689326,3.4351321007174906
0.6290602819051745,4.174541349724123
1.059613995664578,2.428481731619068
3.422791463520614,2.162347640956656
2.0360943986597766,2.9727132845905
2.1294505529839696,0.9732985401232359
3.2511169512225195,3.262790649457365
2.7673239284950872,2.572603506778578
3.3315814550169938,3.2020606171309556
3.4236770686041806,2.605498628109231
0.2441954838536997,2.9163960670194724
2.8737274647481406,3.099578148630454
3.718801796832844,0.7979210442556366
-0.794892507560796,3.193207813570763
2.8920068667685066,2.2121821297942983
0.9312339341964933,3.9439864933676008
1.8059155625488033,4.301046419989133
2.5149356341215103,3.2993382999947567
-0.4879934682463918,2.7285150786512484
1.3834450128734894,0.7808087286264704
1.7716084750762848,4.9686491949524605
1.4984245761039783,0.29807953195249715
3.2698563672614602,1.1921495857750952
2.0033642055311596,3.7811811256321732
3.1812193539503366,2.8048628090695535
3.2390159482970113,2.032636157351631
0.8224318478327959,1.9497939486133071
1.6090430092792203,2.069015595368734
1.9758813988629262,2.5654601007140947
3.04423089195955,1.4727486777021421
1.7609994925476689,2.3699576859457676
3.2785137691258335,1.7007314264876958
0.034383243149956,3.0383670366138817
0.7163337790999944,1.6393275454627243
1.5509663817394885,2.662425054073533
0.21310668878482608,3.412029544183699
1.6521898846746186,3.281498630191777
1.7828325776884961,5.041317634651788
2.2577828898234644,1.7900003964398872
1.4028494061009944,-0.38755766113104206
3.8359047121642966,0.6436708179876609
2.3366714881368025,2.9839225847655166
2.869426433832899,2.070482809284405
1.392510180501835,2.7294163983534134
2.014718490541721,0.4757772049306537
1.0917217825211205,2.7406047296268783
3.0288034960465984,-0.42287250084563777
2.3955850311254814,1.8235068885130792
3.024363146652405,2.165149107784432
1.8384767872604666,3.046266532843478
3.228349772856549,3.286788994328942
2.1163761449133665,2.6278498911890464
3.9288489886897944,2.0096260139171616
1.3666297018933231,2.587213367649781
1.1727462397119344,3.0966570948639665
1.2860036070121634,1.809891892563499
3.3095386449377253,1.2126010890768537
1.809264208701801,2.561456713440146
2.511248182349433,0.6847111223969851
3.0957198654953473,1.9702973662919097
2.2839434425771956,2.8661019535504035
2.968660818394801,2.3952508092971856
3.0363586943817884,2.3770564997968147
0.8202988211814599,0.7851959554988452
1.1806077647081772,1.0635623262677194
1.713666162510453,-0.2608016091102723
2.1298522557679664,2.7729212697683403
2.7961172565518346,2.047529076079925
0.8874588319496339,4.2122823511179455
1.2685283210576774,1.5353271192109246
2.0725936595368437,0.4904450838856078
0.651808778329444,2.0512539006511408
3.1262764795325912,1.6176958335636713
2.476042937821703,2.576996508383927
2.3010354612937416,1.1185330396564157
3.0939431310866157,1.8175333816114863
1.0078807557246716,0.9169459312550416
3.0415218266975366,2.1438747289520954
1.342539396805388,3.070638750795539
2.8131908033748463,2.055491948706044
0.8112752219609265,1.9179956555129998
2.343814494469626,1.0476618285356216
4.607493376698839,1.9322480250684382
0.9624370133993394,0.424621480663663
3.136548579282099,1.9163563969175184
2.0134917763913274,1.3035374831374928
2.7313805252078165,2.381718766989316
0.9282484601266345,1.5667020003725676
0.6933830617486241,2.4656249569567112
1.9896276694006583,2.95317056765439
2.5951360526700755,2.8471020599160366
0.19859969986817694,1.279128057223721
0.8455500832928478,0.5365803659783075
1.1525756269993959,3.052713156048026
2.8287571407805627,3.514185568751553
2.569290377710538,2.5459036729378886
1.6756052781557909,1.6895442372741107
1.6432803719593054,1.1625648323385445
0.665075317053033,2.1218286748036794
3.352733349482503,0.9543458437290024
0.7578397273107138,3.031928105950273
1.8499002966222777,0.2928278773689914
1.7835634740010657,-0.4289004824449174
2.2473927622986802,1.5643597291519649
0.6974753628406645,2.1573859095141374
1.4919276308982723,3.407704128306265
1.2998256287719305,2.4769777262581796
1.012609524502202,2.3982742922975557
2.729588756999639,2.8580509406809727
2.9996401835133715,0.7767679330308874
8.889149236424382,9.733838880199368
6.969705766548732,8.28430047739249
8.003470626251172,6.336523314928592
6.812600393162108,8.467652512664458
7.546449610519359,8.523580879934386
5.846379422501414,8.981343359664136
7.955240671187056,8.471021864856073
6.392621290081019,6.937862580980073
6.825848341989566,8.381679951554734
5.862219066136247,7.512297770614352
7.495424860409219,8.395521878694757
6.079628430445614,5.9314292530420865
6.664107355766915,6.142488061579662
5.380567989405439,8.643858099835828
7.230566714535993,6.732290799001905
6.676573514428494,7.881982369196342
7.358767778598974,9.05368836272294
7.3589302605484885,5.626404806921013
7.29875902461586,7.620130863123321
6.785651299139518,7.891233703633047
6.702580365137476,7.515812118008561
7.969063051373141,9.028954522360461
8.411452167596446,8.903041671090909
7.802650195651112,8.407317196341381
5.745600735297376,9.054480809241495
6.686503810591767,7.871066457912406
5.475649718095282,7.460609604592644
10.08753924728208,7.6294381488773535
7.810800735484289,9.173098626692584
7.511875680116682,7.483470880645646
6.877163575399288,8.47978683301867
6.6268035638984655,6.706760162068476
5.967589925072723,9.597590485076045
7.749793760125187,8.734583894937273
7.974833799885483,8.315546093398483
6.061361032273778,10.314127762654055
6.6915516462348785,8.340085379945002
7.229133151238411,9.350263421855724
6.875710678054387,6.569886016222152
5.5410009290222995,7.070390247926844
7.930196451621304,9.380640091223688
6.8821003829467156,7.65123335820538
7.777545079286522,8.204018967659367
6.393946993390569,7.029787005587346
7.212554156515908,9.135171836931743
8.184122126618865,8.850542582814867
6.541988759168097,9.286647391962545
5.010789731999081,8.260765381285758
7.803695298379229,7.161819685490012
5.688424807213909,9.615938206458738
6.788038621877421,7.838541022654637
8.534231116081067,8.65362382314351
5.944673300185226,8.275607888620637
7.043170998089134,9.179008905342695
8.523548943856841,6.448145283592173
6.383796618280085,9.690900669904304
7.146897423944634,8.108137531486525
6.435160918716922,8.60743793642013
6.482975329022567,8.16533532401789
7.106696217821277,7.443297738241699
5.700796194085629,6.5239457826752
6.342052951870945,7.427095884828588
7.464208019890722,8.069749568231835
7.1572851271934015,7.0425946152586025
6.513269893007574,7.333771555268904
5.834364645818604,6.685971849653743
8.879378102028193,8.099424310509548
7.984514263895502,8.127466552494486
6.0394628314653485,9.353380500247585
7.478634533280033,7.913087633101593
5.826271105406966,7.997446788322033
7.771049424549955,9.11116150801251
7.18825661663716,7.749894994891522
6.592216219172516,8.406832951338634
6.067949240286527,7.974408467322008
4.8097222376135305,9.409547804573744
7.846813909439755,7.71811060533862
6.350326197239346,8.55270401566893
6.741501020133891,7.321675666220165
6.460562037657056,7.519759101806592
5.77309540144118,8.84428696256885
5.030392278894224,7.9646429233067915
6.714737873227297,6.138758763228619
7.415638456198188,5.877040430584701
6.17036152350465,7.001377330418871
6.538634628281586,7.431193839600052
7.883148172849765,7.801295598524972
6.733951919754963,7.856738967235764
7.144503659857787,7.210362603079627
7.546590603703925,8.074177454711972
7.286716150456661,7.881076141907017
6.877885483055183,7.905611459705473
6.233721620211592,8.10697556726315
7.822696499135415,7.391618362671606
6.892093983119254,8.583196821482371
6.691212618964248,7.564744615335362
7.081107842888221,8.135435498975708
8.438383993381464,8.06097716637271
7.848864847568944,7.877464147901385
7.980985692265549,9.208613878555838
8.244536570127305,6.610840531102596
6.918286244278706,6.800755698488374
7.002627425855164,7.916478328732117
5.878393601149677,6.727256111868382
6.166211347120864,7.790625489938571
7.233245377762297,9.194573088999036
8.763005490579786,6.919239582152498
7.104062694753567,7.656812289763596
6.717960320144412,6.461691064864953
7.373271998950389,8.191750151890915
6.152742335979853,7.983034495236215
5.920499021639317,5.098192819399274
5.979441669684356,7.442677941106848
5.698914288890961,7.878069820595887
8.739282084009435,7.916494953539189
6.620492650407853,6.546242096823853
6.73347900898693,7.7426545932887745
7.950064673738297,7.312484067534623
6.058911971944207,7.1615228653258125
8.389798616656492,9.117513739139435
6.39297080802641,10.978985261858654
5.9364520098341735,7.062525060772678
7.6255181134417285,7.4846608641380135
5.904932190977787,6.612889641701406
6.743430703848405,7.668584883096808
6.676776850658389,6.661192239903562
7.877179925789001,6.913428024428017
7.501654658369889,9.585889826540086
5.501417721491652,7.303777129415637
6.774233650511822,8.192810491503158
6.655095786683997,6.6244342718175115
7.215953146984441,7.5438505252684935
7.930289995319927,7.221117328080311
5.682718838596637,6.861074777208939
6.215974137180154,8.108023609390203
7.575502063470848,6.547661724720235
7.14163756787466,6.404155557512183
9.92742660245922,8.036199101530833
6.816406391355121,7.278344798927376
7.754713139934161,9.356456046456168
6.55434049547573,7.9993880015581205
6.951235343530065,8.429646088006795
6.1210944051147855,8.293823094011644
6.706685546272053,9.653612401374456
5.765558279688037,7.872139570460157
7.355914294708275,9.016193245721693
7.563394873930318,7.694413828456825
7.151066087242497,8.885425711593506
5.439832640353842,8.9123919665462
6.339437696314675,8.99838558754514
8.868243501035804,7.404004848228708
6.626445299367099,8.154341119948349
6.745268476323314,9.253998113715278
8.160211212011763,6.89984129484557
5.784228373338879,7.8704500347643105
6.3344452623894645,8.740192669777331
8.293541528778398,7.772199824766873
5.835353649387685,7.320027486607356
7.276255652928808,8.063584170687154
6.793843048400121,7.517631501196334
7.80038787065964,7.911905337829
7.411789040124009,9.29348384389806
5.518532474387311,8.212621295038739
6.6063326929611215,7.438474674918819
7.250287235275101,7.149620695858487
6.118054611042424,10.766008948648413
8.801493122367397,8.97924686291507
5.964965027555251,7.383798640659173
6.022690355657584,7.640653742633063
7.097099440713952,8.543931756386796
5.566498609962519,8.926185916704767
7.116307051108949,8.930018973054901
6.8203015323064395,8.634630121343301
5.4174182601209395,8.528014704022736
6.159758441460031,7.222309999072175
6.913605502216811,7.637871995013358
4.253741239925513,9.287801075055883
6.3054968225194115,7.735126624890152
6.692974058096084,7.2922517211660445
6.675722209098829,8.007970704090978
6.544767844653224,6.627398226207719
6.217857115066222,9.105823114426775
7.015406252237214,7.582120156874963
8.207986597278177,7.2771177347642695
8.686192511193708,8.40384980905604
6.738396619816901,7.0126151078537715
6.131379872068938,7.093819943834909
8.111373172900256,9.862553467203345
7.837298341426824,7.598146575841844
7.216952051915213,5.961283398831403
5.845963022985648,7.548596323302371
8.804356001635867,8.266073424073282
7.981107255419737,8.603434459050103
6.08637612335259,7.980894000409133
6.196669050593587,6.5025238459816155
7.137034893309892,8.130712105747197
7.371978743394677,8.52314469925679
6.048868789229722,6.825927093874226
6.614226991570002,7.675698042954166
8.09740034132695,8.056030469457346
6.1682350950237135,8.375486817258231
7.20529395108754,7.103699354730962
8.1681208886762,6.105365951423114
6.808062037230972,8.759813041109798
6.678026597601658,8.093209608307369
4.887576833109932,7.85179195616639
7.263940060030011,6.943496026408536
7.026598141470494,7.575348337621903
6.810728954939411,8.251408673264809
6.756357917293526,8.430500319593488
6.570265882485754,9.39951614275743
7.308958423645954,6.67490325714268
6.120688526854221,8.591495336286412
8.386141725800282,7.4101349013471705
7.063441166753173,7.187426450603962
8.51708689233137,8.279742140491667
6.683402257158462,9.256812354395597
4.398997027463828,8.327177105890092
5.59488966161425,8.177505253179541
6.35273576379515,6.80802494223008
6.774574788278004,7.483795505845783
9.241216655374673,7.652624104680694
8.989512333398544,8.920763125158578
6.70402088185086,6.322362041560453
7.6488391259628195,8.309843614715554
5.385376827740703,10.171519892026364
7.290973793346966,7.893806356669352
8.230818587073745,8.956910648464623
7.4776440510162026,8.143443039698228
7.429411810656475,6.011318656892602
6.425632360068773,7.63229620543029
9.776675239319777,8.535392495003755
6.872243981159822,8.26484882130667
6.514015550816863,8.631953182846136
6.629019289024817,8.424856095464929
7.383375086237185,7.844853858369034
6.624923573152065,7.1734581084273
5.576310293444946,7.687045793112623
6.511924383059298,7.615299158902807
6.844098703484145,8.207795723558284
6.971878209805021,7.797247296769102
8.20036490682651,9.533305584702328
6.24199530675831,8.195946305278767
7.228383106295858,7.0082278621773515
7.503514075129944,7.535225618446516
8.508409625123857,7.006235407167425
7.364869044539887,6.902329686028244
5.708051456612033,8.56785616008789
6.989789819912624,9.116620427820216
7.766285595537253,6.184885261565949
8.20888332936608,6.698851556052357
6.570323550729694,7.037186167753303
7.293636218831475,8.115606248088818
6.910303953055502,10.198096637081875
6.33365727028032,7.45888083750793
5.843604019590773,9.676962569701738
5.965493380871732,7.893045015615546
6.523435317127795,7.700937466814761
7.123646894056765,6.5666195334568185
6.456600549073,8.610011462804357
5.509066401938645,8.631453424740787
6.243711670257362,8.849279142160924
6.771513441737766,7.164960923921338
5.874836057614208,9.806374046034046
7.774316605072623,7.168660580276477
9.677044316810772,7.191399898523954
5.866847681168357,9.188119663437753
6.620440926107515,9.162553584860447
6.350601322120305,8.910296278644129
7.207977374747498,8.263380419964344
7.7038125385653755,7.116099160926254
6.34431665953158,7.879273813470186
6.65252176999594,7.975466545108372
7.540280717185886,7.478830228462399
6.276778699893293,8.906665309121424
9.904939923050403,8.721374227123032
7.791964265581114,7.55195683640704
6.206150407449774,8.725749555595407
8.7446973726039,7.972748905177695
7.754177950139523,7.668681443681069
5.9320671757825885,7.373971727920031
5.681465553492107,8.179843858552822
6.47282830203904,9.639554791374751
8.388289552554344,7.818417844753219
7.3734603792535065,7.734969452935784
8.331670259508293,10.351646098531702
7.235221686858,7.168954266105847
6.0686713811601525,7.768025420762251
7.207467791146084,7.888619683943862
6.683381642615144,8.047998464142502
7.179794006395048,7.756311579778664
5.786158807252412,7.621692952050035
5.51251374668929,7.73858826143184
6.558619160544661,8.537755310296925
6.953479476264049,6.854769294257526
6.016052923684497,9.347918411249907
5.925580482032356,8.441018491006181
6.931639937036403,7.932851893608311
7.610527821746793,7.4811787373413505
7.331232723908873,7.676757249907308
7.562287357531391,7.737669830930974
6.096723798303232,8.104501833893062
7.006321809770595,7.6777789834927175
5.661274699183091,8.623114489198912
5.536290283342773,7.825928873412311
6.487983964377967,8.825786349061199
7.528904378450119,9.135720082926804
5.129983528855047,7.8938233355510015
5.578930645828816,8.511732123785364
9.19601197851788,7.325955839486617
7.775435027762598,5.545970534620913
6.682417189932194,8.87734693976228
6.4026567287767095,7.679864132674461
6.72043861347246,8.72003737727472
6.6414500273796335,7.534717567736774
6.243676596049603,8.253287278114202
7.628636421646347,7.47112868982922
7.459718577125571,8.118063216351167
7.793371300970255,10.012092914592998
7.5159645978556755,8.274623220823324
6.700303620133011,7.232231543825195
5.818090246678711,7.843557407782265
6.469258183170646,8.673256218460379
6.778982339787826,9.16067335642279
7.242372010078784,7.396228576936573
6.5111269284533835,5.455150177275707
8.314711427428831,7.64171886785683
5.2621917321986,8.088997819378571
5.775891913951063,6.850692711504988
6.515400602183128,6.81743406874386
7.540693456336231,7.309246070368465
5.7558032305381435,8.14134753274025
5.89242396034347,7.33771051547166
7.844746757821598,9.931381157535146
5.003751399415467,6.356532158482038
6.048473813230458,8.570787936683557
6.188019204317222,8.399714272544752
5.795337703520611,7.974206489830382
5.863215226952045,6.038365460557134
5.927635265491546,8.267130299197897
6.7714941828163875,8.426413021024006
6.812898116620919,6.300664911609946
6.768551848740333,8.04801535251767
8.161987089549461,8.861107505079687
7.141914160271815,7.420825400885821
7.974335903761301,6.362191788075351
5.885798861151297,6.6269142666957
6.6738761375434,8.809096841423466
5.8392730694361745,10.123906419838539
6.026383291561083,9.733231849918019
6.314515811944465,8.511021294899958
5.7972029928812185,7.8257679116859356
6.261743450605715,9.159690384139758
5.870459393342786,8.698868998341482
8.759862401937704,7.833845242508794
6.499873154172646,8.46827702691855
4.318565450164292,7.897848257456704
7.309669316698269,7.871382652304951
5.701576873056182,8.118954985760682
7.644339053009731,8.749545075624948
6.464466206386033,7.698665320360077
6.492023727393474,6.595781928583552
6.133590177605472,6.896264267303351
6.768360333631305,8.028149869159218
9.336453192807499,8.757793380803507
7.42779174534523,7.378719952952478
8.66989540833739,9.511909910945516
6.843384087654643,7.392190520756886
6.766553729810285,7.776659069067209
5.371281501770583,7.747250223250452
6.542023701862865,8.824285709142856
7.150101390176982,7.644685252376277
8.06384950964251,8.56633169193573
6.972256153069241,7.328149562961605
6.001444730169718,8.59484581706011
7.2997306481664195,7.737172417554987
7.27845861463422,6.623797028088352
8.1090673289448,8.37330882755981
8.369271276769776,6.959436329575742
7.202521719732266,7.350318746744129
8.175953872353503,10.414066550178514
6.94945906439043,8.334399617449474
8.356158040112412,6.916037040393486
7.036747045711222,7.557454928331868
7.027748635456005,6.810652391826843
5.514947239326543,6.674517185692718
7.183429884671126,8.077041542970981
7.745738269296599,8.491897450447675
7.833379613769404,8.360449091806723
7.136605341393397,8.542022455404066
6.7159233296674365,8.282750387549495
7.096077441204671,11.344649038086892
5.781539714298752,8.96548474803699
7.770000909831829,8.374834120333155
7.091910183200624,7.583646174039476
5.63951358790048,7.760169108602401
6.9169162925459355,6.947813218752534
7.515539852632463,6.525259507406986
8.036611113897706,10.092833633035646
6.563235604679247,7.9810316720873145
8.957996350630571,5.912099509313679
6.2773488192691484,6.701206219003069
6.2973972924769965,9.164334306890561
8.01110453037081,7.5108118722827655
8.112386883031439,6.475328297293029
6.372114204324746,9.300941748909223
9.129387237808245,9.262669317314003
7.930730085221431,7.963693254491509
8.226071252137722,7.836957504129357
8.430803900524472,8.117954759577357
7.692834878878426,6.438900098963902
6.775779773501944,8.601027915713406
5.614294703868073,8.24871639439308
7.499193714803102,7.646124461737221
6.25430780007691,7.521903717837774
4.781354926209116,7.104701246220668
8.882553979861147,6.7814622020787265
6.776254530775458,6.3292202254268135
9.088692654701356,7.3686471406901175
6.9337398785511555,8.526678115826492
6.675114489868139,10.732815244170888
7.638053653761242,7.884294727082384
5.0509593509309205,8.347674154310909
6.170126354142933,8.862977717475504
6.678459899349074,6.910471225469625
7.752499368009183,8.0537916729811
6.716471588163669,7.438427650205956
6.630270119723239,7.202881183073911
7.600501380916702,6.453830223002609
6.863277781249877,7.070561953187021
7.748409813551493,8.010474842178127
7.938816286421583,6.753844892144118
4.812986147960385,8.606101666311359
6.634059985336935,6.447851286352265
7.277803028482435,8.9415402253707
6.32714271703561,7.9434818960285964
5.773893071699754,7.153841556638816
7.064655022401347,7.79883021034102
6.671477711762234,7.264162145316745
7.752489083179488,8.348184097573318
9.218360021985111,7.41200494311331
6.318843409268455,7.959326334188807
6.077820812247844,6.771729519254094
5.949408784320189,7.4376034642142885
6.633776622082454,7.271981848249267
7.535305486611749,8.769981594709725
7.526108349977073,8.11329126630166
6.180217681670444,7.457740735325138
5.419954029979932,8.929777608143196
8.094099781450309,9.36844751404411
5.8152778237442275,9.799534933114172
7.175455874386008,8.361397837380148
8.440686511371204,8.260161224691256
6.453862658030244,8.247461842559023
6.3823702801445,7.617401021225702
8.002416270278985,6.558777194742427
5.312852432654029,8.580240011742417
7.180954802688291,8.004998297434605
7.595418971443948,7.224528056841564
7.919976956968762,7.165438006046725
6.206343038507516,9.039390057475005
6.925074579811443,7.908660615307125
6.138024105353143,9.08952096839234
7.990425584655186,7.10847347754362
7.2854282160600565,8.211861475427511
6.855000461117562,6.3890335994873535
8.03009523132143,8.559167662249013
5.314281379101995,6.9975506824397415
8.742557085140035,8.665645789115334
5.485563565408112,7.474801004716034
6.809379169686353,7.491876776803128
6.4745217246591595,7.297258878975897
6.638563693147461,8.808782480530803
5.738620490267424,9.313432780777633
7.425208678202345,7.874225494064804
8.462448090800118,9.045722509850872
7.413663563360495,8.650594255277376
7.005177908756448,8.540370897501697
8.219061120877434,8.936024407742575
6.2057242130282955,7.588152933860096
7.286740676241781,7.5286147502521965
6.234362666986622,9.732850718726517
6.2641854924200695,8.246366122109492
6.0925513011911505,8.351495453944015
7.896030193957616,7.664952104256543
6.774402320437706,8.353832825325757
6.904561787493734,7.577202897951992
7.382464594171801,8.354864811013229
6.4649149204383125,8.74401014396662
5.595070825713044,6.970613631210858
7.773312620058733,9.230373185905838
6.690887487035212,6.435203346580075
6.336625846097263,8.465343401926077
7.7160235329995235,8.470772832801645
7.6928461654833935,6.5851830977829575
6.31361663479585,7.334424380584137
6.60917859066874,9.461371311927305
7.5794117070290765,7.096494024542867
6.676270297743325,5.460364019075375
7.645791578815105,7.3226705061822805
8.173868999704066,2.237408418960612
6.158691857367203,2.3762671581281833
7.416266513336656,1.556516731957237
6.784379218977694,1.8139792334205769
8.651736707945044,2.8760024685818477
8.300844670376875,2.0799309821073577
9.31399903492781,1.7653652651419065
8.239514122871006,3.957921994531065
6.505651811272188,0.7664102698201842
7.051040835999497,1.64769296513961
7.61387953592614,2.131253704443081
9.736489861058956,3.2819446818606712
7.410072800653271,2.776426208590207
8.31432574833495,1.714575393067283
9.011604408490786,3.4836151407708362
7.03063079188171,3.108073790438642
7.173585299161931,1.6173804374464975
8.282108767148506,1.2457074146348575
7.727100218730264,1.9718957249158426
8.422428875214171,1.6810571435853283
7.691017365839307,1.140086082805834
8.292751452630881,2.4768870191710053
6.914838086825263,2.329190212211217
9.449458976191815,2.424336046915612
8.90677500037944,2.348736668384863
7.774240123608558,1.3689871970377299
7.509058221712158,1.6253736235434086
6.411170782081127,0.7023077959219555
9.106679713849466,0.3452183207500179
6.5836779677419095,0.4422234438664594
7.92530547822505,1.4421345913853947
8.197487673766302,0.6058810246225594
8.877224968937027,1.3110044565275198
6.834424340147181,2.75607267598719
8.775147554976623,2.8872208888928994
6.116912947225052,1.5390221581171195
7.849439032269339,1.3437016147273726
5.844274454494259,2.3040546678286
8.100199508449712,1.8056202843612201
6.768567625772439,0.931573291558845
8.399906859610113,1.198020905537755
7.760027890247257,1.8358583064843061
7.6122369018755265,2.6372448680854834
7.626538810567329,2.8539674627130274
9.607891299314973,2.1687615862876988
6.659906608879695,1.4124127916861098
8.600642101738064,2.8051970412912723
6.914936559587514,1.7711531083450316
7.621450182461605,0.8217452954103832
8.059370432876305,1.7715547139805368
9.333880112903685,1.0193357344572451
8.692041412630884,1.8761005245522788
8.48568873980598,1.5367566937565333
7.3913555554331465,2.9386903363856467
9.16610239402188,1.5541413025661175
8.791204502334724,1.6352203843204867
8.046982695908115,3.8548219826217323
8.970221496762704,2.3601988136180627
8.689547251726589,1.6904891232230121
8.02635909796582,2.583819331640541
7.181426896656254,1.7723131894894806
9.651976854280615,1.794723088362034
7.979207068392065,3.246502739446332
9.670000068742446,1.8943423995052235
9.041523079504845,0.9907630973871704
6.885932261378384,1.8785764720849554
9.591772173235945,1.436994841544537
8.326988374926303,2.5001476263812603
6.543488062010472,1.4211426269699157
9.070941336233641,2.8398757852923135
8.051867289808369,-0.08825298494234746
8.345957812853863,2.815440523417302
6.489487919357879,2.41486432634998
7.509869572824905,0.6216233908139519
9.086062674706739,3.621638810897908
7.375903048716564,2.9285807711770215
7.844765358595499,1.8830978327534766
7.422111035274469,1.544013982765358
7.425418309098851,2.5860659275822897
7.529601632756585,2.916832105331342
7.765471723229242,1.2684279905186353
8.19757496803676,3.686107840699877
8.74222051133297,3.5029847281929722
6.2287641104478695,1.2651121796067741
7.018147579400063,1.9619070507852832
8.001961682850048,0.3207008319412983
7.443236898612168,2.148328463984603
8.855021412103945,-0.0521489027890607
9.626431349476073,1.5682356452950363
8.792535037013907,0.7791414155987066
8.148132100906608,3.0905189706723237
9.220862019017968,1.9899778816410316
6.464657961322515,3.043940342016218
7.762185269065471,2.050239021734033
9.360087564585061,0.39059731642109474
10.496613257931026,0.7434813723087572
9.084566579748465,3.882801248675995
8.100758785582466,4.014473623156846
7.031066206312196,2.972762505519657
8.435589733987225,1.4759324646356595
8.682243161573659,0.996432649632913
6.670171030432543,3.6303665165442482
9.099611164629348,1.1197277483174886
6.535841305896286,1.5878747378353995
7.418260868506818,3.4141402227386504
7.698669418873223,2.8856987901007773
7.610355205455924,0.428574353073611
10.023159492093026,2.248775785761552
6.808718725343694,2.0345956339958433
9.197903961440053,1.0581964787602907
6.777330266959069,1.0053359637107162
9.153324197313715,4.4749487987799785
7.156641055932809,1.6114949328175503
7.841349724212655,2.1616580045876286
9.636588057349174,2.6545045661024105
7.954522027528973,3.104734942026409
8.304060640471176,0.7164571102757371
7.846125258226895,4.364459589648314
8.49682863297875,1.8273598966305866
8.612807834219412,1.4491492702585371
7.87677506687437,1.494788941492566
7.785225398137695,3.0093029923036934
8.105627434890389,2.1454804084218453
8.376616552915094,1.847169221143131
8.426664984747767,2.876323616024526
7.9581498741023635,0.813872762804783
8.637572859392833,0.28083639966784024
8.839888807212661,2.3291044004251646
7.0045255369769635,1.372071512551062
7.695127011336143,-0.2213785986950425
9.024651006651823,3.4711712716946588
7.877710231372206,2.299733318395271
7.70897726831324,2.5109885683686466
9.388902105866192,3.0365841698381164
7.1239369328192215,1.6976545280606938
8.74071261944901,1.2660171786362295
7.109033505900763,1.6012017060401378
8.384960865532564,2.5522410167250147
5.889727259236606,1.573089877272575
9.024690913394576,1.3191908968354094
8.054144704704434,2.2297291151446537
8.265975950836806,2.1003094459991756
6.909025010271092,3.2706469959257247
8.674098983183985,2.061624507989438
9.025456689185882,1.782816615273016
7.244411092846932,1.2771297073229353
8.40251545585133,3.441255741899881
8.97976410595124,1.6944738087125093
6.342704352423667,1.2680672611343236
7.041353121600439,2.892522117503324
9.627779140357125,-0.7620274898122155
7.197847378017484,2.1762487223667377
9.83113462164629,2.2883671934325496
8.254682916212357,3.5019290309523106
7.633811428546927,1.6002106254460189
6.930230289871988,2.2084103673393014
5.840627090831906,1.6522618073012951
7.307634402739877,1.6957076522770387
8.065175212630944,2.817963056713984
8.450444902285403,1.509541880113075
8.566907367046513,1.4397983390153144
7.117863916347345,1.6857902144459689
6.697999636717206,2.951175548887989
8.383875445728899,2.0427495855263347
9.195746335331922,3.7390545606636207
7.115469109207376,1.6657747798531137
8.523932171177181,1.0250229679724372
8.342082896511462,1.2198230314635254
7.907206422232108,2.7713088827845795
8.618818743213549,0.7286891662366108
8.181811585491001,4.015503942824863
7.92183228914674,1.748991132896668
8.305295713874196,2.444895043900662
6.588284289408981,2.99099743863263
8.281466503423458,2.1973940226595206
7.00936182266516,1.6020042391499927
6.6239808239876,3.043040713724974
8.084367666539341,-0.5395825395298606
6.707298845119313,1.350355735925794
7.7498173317316015,0.6632833758918952
8.129103473876016,2.0215172327234274
8.195506623701949,1.5697000090665392
9.30325704797892,0.6377119485030531
4.984093783965351,1.252890135798411
10.093036824428852,4.0372697121372525
6.949030103652835,0.3839095458238502
8.882427884132706,-0.19068588622472893
8.786240496126798,1.214296010676081
7.518668616710043,1.2692272281835957
7.627154172009416,2.0589821040499445
7.77089273175377,1.6296669116204412
7.971600160792038,1.8125098258345707
10.722207115877938,3.5992654971652565
7.241395354768947,2.3290949491913224
9.688330963899494,0.7884336453506111
8.233346337658359,1.3919390362910058
7.434685994902576,3.0967644185047645
8.544817166286807,0.4997936177186564
8.670430841954479,0.4901337512854913
8.251376569203355,3.1863368703734354
7.616251034253846,3.6922550281512283
7.588184179148181,0.8885955386392252
7.71679178810542,1.7649424080576241
9.216077159474187,1.4860181585922727
9.294009011728697,2.0468146782050654
7.527159947723805,1.8842380410872739
8.17493599961567,1.8465791656631514
6.762521062323877,1.9576573580630716
9.044036125070631,1.861791437660761
9.080714353019161,0.9482367139057206
8.237165555932576,2.0440612939695666
8.35678506400852,1.1978593003205935
8.453452434255402,2.086259893236497
8.158041733053652,1.4996157231211944
6.410052666066381,1.3463580158932895
5.327410979214935,2.950574167380376
7.934425724790268,2.5828419231936666
6.894369366475008,2.686538158858322
8.121813539785066,2.5794120921812596
7.205198378053506,3.1071763053492196
8.706835433045772,4.04056801959379
9.270546988612688,1.3317202509844561
7.78015200085322,3.5804829654591153
7.960502450659803,0.9610011592258603
8.193917170063337,2.253176663532873
8.505695588195422,2.7887728744769777
7.196776559491562,1.6132012460813283
8.00211393545104,3.228819508984442
8.727619845525794,1.7360448200520135
9.116905460641666,0.6766030473135154
7.738406647429502,1.454214426947066
9.104385794666056,0.6790301673666996
10.252772174788113,0.3975302066789195
9.21836289475886,1.661612532515354
7.552567343585597,2.3541875423848726
7.72335692030579,2.8963241337905288
9.392232232776799,2.995064028631824
7.111055984070151,2.3650309738057125
8.47074204696647,1.946105811768837
9.062200892628997,2.187179046374429
8.775647336110023,3.220755947771192
9.346640607513764,1.3769467643027467
7.425586096550958,3.392296944883141
6.429839633009034,0.44072304029756926
6.139538378302342,3.0134440061714804
8.246228683786917,0.5712649575108346
8.412227831946181,0.727280761458192
8.246313217052924,1.7869965606343847
7.688713126410722,2.700766700160935
8.154322243070538,1.0906706433875555
5.743496922598088,0.8759606881577537
7.1539934015842315,1.1080261201442607
6.8975984407678945,1.8817871885442277
8.047079072642116,0.6338136801246033
7.976039832660051,-0.5995775322026651
6.062731698988267,1.7330893591441154
7.195333840821055,1.24573178915249
7.482718215048134,1.2579001046812996
7.712784532890332,1.8966571520491684
8.727345385104044,1.1651630200171263
6.823249033949399,1.905249938385027
9.577735213212232,2.2875781940305044
6.89191346529329,3.846062769694561
7.011044454080136,1.618987169256378
9.235113941054749,1.6726102277146009
8.31892803915454,2.137913625364759
7.398838673515192,2.4014666476277604
8.250920176694489,1.7602317192667216
5.722505616790103,2.5287250661290654
7.931635782631453,0.25928626368226304
7.149301131286279,1.051724823111082
9.28960622838795,1.8013726879657608
8.151417003594023,3.066435505999836
10.075308441398526,-0.7883477601869435
8.381730738072555,3.841162488360252
8.4961882454245,1.535531732670433
9.56313104614542,2.2314760041866966
7.548504466581537,1.6579227464160189
8.47973694780292,2.960312356430072
8.099233090795998,0.3678393265506059
7.726685854932619,1.3884639672926156
7.063836452431328,2.0290060130823293
7.794951169133214,1.2744066138273125
8.165498550094453,1.1693260976233621
8.754994896797859,1.0306940833217937
7.18777601589181,0.13144999155757842
7.261956079666179,1.0319054210611287
8.374347873801229,2.120314162694384
8.789261763347756,2.7706656173711712
7.343866348023572,1.103660726853548
7.397508035758032,3.091042020405529
5.981820252293443,2.7008419591145825
5.67493528369541,1.8696676926866884
6.337492173058747,2.5921620611368095
8.225555582229529,3.4927887014120342
9.11616029507327,1.9791828626873014
9.349167499605866,0.11691822354249504
7.111488677890354,0.665799200572595
9.906297132465065,1.2960988297336093
6.710937129451812,-0.031052071412574378
7.733706997482028,2.7270534908708433
9.543589489071318,-0.025886976802798944
6.499004251370552,3.125291352569426
7.05396508286098,2.7801047345675487
8.356897512507063,1.5514848118420979
7.475833575845232,1.603068568557611
8.9550036557939,2.711798756889706
5.185918401304219,2.9687844485096715
8.61384205324846,3.2924401911522825
8.866057493478891,2.1984551500303353
7.9961844506013655,1.1659299564655767
8.624764092870135,1.0436837087019035
8.466713298425917,2.5236310589840727
7.996922641029796,2.1817724640010914
6.287228139985116,1.448706826378424
7.225618184686687,1.8231679475880556
7.487329448571723,0.8297076595933297
6.89188443415508,1.6802483419683645
6.857962172178664,2.3050255910236377
8.44049351474238,3.9277345511210973
8.995833370246881,2.815244783637443
7.03416491424409,1.8170164471263182
6.65497757071104,2.561828553347432
8.041418032243065,2.635552943717521
8.950423840398905,1.4434688098814812
8.131961411642735,0.5321609437471504
7.28551173153666,3.0005488510147957
7.647739008414318,2.892716555126806
8.698926000399904,0.2797634253807757
8.190349774354498,1.2074509410598093
7.858186432254582,1.3308783928096015
7.84054454408682,2.1381873485393017
9.146032220470744,2.4827237894613794
7.598443739182082,2.33346310642805
6.657263004757554,0.9721245830175169
8.622542939770907,2.9036821729780096
6.766736300993137,2.65231185984612
7.552654489264216,1.2553924305516815
7.520625064355497,1.8713115067116244
8.234212934124537,3.0697882256815827
7.621178127261728,2.560517698978732
7.3176855718632705,2.16821319930921
8.153538103568533,1.4718581209480446
8.046112100261205,2.6295339673698934
9.870364179360953,2.0062333110492236
6.916218016122624,0.9697508596813298
7.65164870792751,2.790163351036961
6.906540319560201,4.585167020257561
7.569958524283895,2.963571654131763
5.65117618192933,3.186959211822586
7.6336740293458965,1.2430439095148864
7.900172060770129,3.2244111020789163
7.921621432965716,3.368098078786821
8.65959733305314,2.7878554856204922
8.133499520637884,3.5258721861024656
9.181276286319251,2.7777734230302316
8.18550340151797,2.906101285195367
8.849907299943679,1.702568104461125
9.287933776690997,0.2815353700063101
8.062603159451324,2.7396668740593197
8.588576054872396,1.9014095826817297
7.887676406994743,1.8630714993599085
9.389135433677243,2.8751325525075706
6.958800145972184,3.0496030340583924
8.769676989900692,0.612736222104239
8.358301614294222,2.1179091590632675
8.900797128306673,3.9603469998219625
8.65488617746946,4.048210156222721
7.596923162783592,1.6249680488277507
8.454110616128125,2.0229392258646155
7.354053858784367,3.44298091474729
10.619894691829083,1.1281269663499194
8.32706064455525,2.9004467887682166
8.340382600511528,0.837399044030678
8.870663742213011,1.4755538395233567
7.768794944706446,2.056097923039665
9.482975787812338,0.8609934126097107
7.165266675865497,0.6728414666634321
8.346864555609777,3.730467110675889
9.453144497516302,1.5659594568655952
7.881440116822459,2.2691995864057937
8.24796954711844,2.5310005865034837
9.401345785373612,0.7680057941079685
7.369521023717193,0.6927938003320464
8.839902170471792,2.184481655155334
7.638337458583173,2.857637618874944
7.436744026310368,2.2723151980776533
7.6137129065124025,4.057305196255385
8.75457302072939,3.389507428498801
7.822715184777071,1.4329357344199183
7.580013632067448,2.6833106485865548
7.067556880601657,1.6170773411044461
8.87404699497294,3.964298565463638
8.242862265811464,1.913099943950792
7.513038562215908,0.9608709963816822
8.102598042297064,1.880770540727309
7.842857799408767,0.8781493666641014
8.585461608529366,2.578757518633894
7.660709063355575,2.391937804998695
6.897762986369628,3.5496969261213733
8.317912447334818,1.4755718613416153
6.9219307475523655,2.6227168236363965
7.199416391221502,2.912624519428835
7.538831014468952,0.8698617775136985
7.313101957051876,4.31898342168471
9.022825964771144,1.2560736036049738
8.69591074723153,0.6312207640525245
8.214917206044804,1.1254432427634038
6.151505230602541,1.5187017386809667
6.2745158153235465,1.9246211946723606
7.235591868195971,1.8768410943380862
7.901312835072466,3.930702636515975
7.932494116154841,3.841120384419704
7.681657610499418,1.6134802047960661
7.968539305918882,3.1333290214849994
8.25407750053459,2.8834264955054643
8.496651825218475,0.8943702702311227
8.644792101587827,0.6695081842235568
8.58904630696741,1.3724291249082068
9.300191055354308,1.1131833475291963
8.07497956572363,2.5856098342003317
7.453928389311085,4.108573946755575
7.68515695568571,1.1764681244813617
8.187957426730163,1.7715712656844345
9.279112715522405,0.6108398094362415
8.068548251670686,1.4266102538079792
7.351005236661529,2.5142466153530734
7.185691637736289,0.45575465412782257
9.046133177335495,3.0458918721296406
6.860521549887839,1.5249323667076053
9.25434731721458,-0.40916467087739994
9.179736740771276,2.1329181140184685
8.893338427964231,2.0280205104092817
8.438135920507692,3.935675195861373
8.637597807238674,1.9510555863258725
5.901117733604822,2.0855825968426203
8.167804920909468,2.4119062420299753
7.112254758122922,2.0361597842682833
8.06142552141853,1.4840494471775685
7.967216756618607,1.5272741630253088
8.12573096292895,1.2812335359603846
6.911724005323754,1.7447820771372766
8.63296107772669,3.313898871308257
7.343577077864717,3.2519614885148123
9.49834940523486,-0.5166275531342523
7.318972283217412,3.1503720217021804
7.11351515411406,3.341301220965798
8.44081405604518,0.8956492958483218
8.31702667159003,2.980642824971511
8.02407238448531,2.317951924663072
9.288926084883496,1.6933792406032921
8.899604405613553,-0.21485272025562274
6.105219293561298,3.5639642277069097
7.7083548923180905,0.8573895223720343
8.984280528641124,2.560087575237697
7.780065111007106,2.5855710186751
8.113109097746142,-0.05752422537551327
8.274563511266527,2.177180419166497
8.01205688627035,1.466500081219276
7.943816789477457,2.259123947654202
8.354207272010774,-0.7314510918548729
7.967174797349045,0.9926210997129461
9.33195910310814,1.2658191690614866
7.778485917676682,2.3162704337255704
7.8066920825833215,1.553104745211877
6.643722362115188,2.5467365746599224
7.314946965674221,2.0351796051624182
9.589356342541492,2.919264547412248
9.207541766115048,1.5908506147315742
7.400990156313696,2.661857099274296
6.979078041959948,2.3275688518024076
7.722590483902544,1.494903816746306
7.944339352222576,1.3339478541035927
8.163047348083195,1.0500153052815802
7.230851217791003,1.0767787574464633
8.634665019523828,0.535780382619014
7.770857593664104,2.3980150766925554
7.599038384146859,2.393280567261691
8.425360464870897,1.119204953976327
9.100147162549687,2.000300288599736
9.429474309749123,3.2064006020779514
8.980120567479535,2.19759569770783
7.048887055375361,3.749906340368978
8.072599189342451,-0.1548194117273316
9.818297290627733,3.2499538911940133
7.834354897932884,1.0038126423041918
7.025386308032832,0.8970801905656647
7.420397389853752,1.663150236147743
7.8110788994288844,1.6893220506816669
8.118156270973087,1.2069835436185263
7.465947401683921,2.837633291181421
8.359661623063735,1.4801207059290151
7.524925176441587,0.9626476442171341
9.453251036079735,2.5911163934653345
7.716372380589579,1.166305306290055
8.701535972129365,2.385471727151282
8.302560918534963,2.9385540960194314
7.944617445993472,1.6571892455978863
6.895859683211086,1.5555884981521686
6.202918013878491,2.6274221326625558
